Word	Similar_Word	Sense_id	Semantic_Similarity
bank	bank	3	0.7040974
bank	savings	2	0.70056355
bank	branch	5	0.67267305
bank	barclays	1	0.6503829
bank	hsbc	1	0.6478622
bank	corporation	2	0.64255935
bank	dominion	1	0.63271976
bank	westpac	2	0.6285572
bank	commonwealth	3	0.6105478
bank	prudential	1	0.6094168
bank	kleinwort	1	0.60408676
bank	icici	1	0.599878
bank	commerce	1	0.5927942
bank	mortgage	2	0.59142846
bank	citigroup	1	0.59098613
bank	exchange	1	0.5904315
bank	plc	1	0.588421
bank	fortis	2	0.5881017
bank	ubs	1	0.5856547
bank	lloyds	1	0.58406126
bank	citibank	1	0.5827827
bank	limited	3	0.5739266
bank	natwest	1	0.5727406
bank	trust	4	0.57186866
bank	headquarters	1	0.5715168
bank	holdings	1	0.5711688
bank	trustee	1	0.5702459
bank	merchants	2	0.567357
bank	chairman	2	0.5669411
bank	stock	1	0.5654766
bank	securities	1	0.56352615
bank	insurance	1	0.5598933
bank	bank	4	0.55629444
bank	subsidiary	1	0.55557555
bank	brewery	1	0.55463225
bank	ltd	1	0.5539197
bank	director	2	0.5518661
bank	chairman	1	0.5481226
bank	managing	1	0.5472141
bank	petroleum	2	0.5471893
bank	anz	2	0.54523426
bank	hongkong	1	0.54477304
bank	nyse	1	0.5396101
bank	kistefos	1	0.5379418
bank	customs	3	0.53606385
bank	jpmorgan	1	0.5358732
bank	bancorp	1	0.5341993
bank	monetary	1	0.53213716
bank	shareholder	1	0.5310061
bank	nasdaq	1	0.53066313
bank	banks	1	0.8244803
bank	side	1	0.8146801
bank	edge	1	0.75773686
bank	mouth	1	0.7517859
bank	river	5	0.74964017
bank	shore	1	0.7470982
bank	south	3	0.74377996
bank	valley	1	0.72649056
bank	ljubljanica	1	0.7249517
bank	flank	2	0.7164545
bank	upper	2	0.70639116
bank	immediately	3	0.7063181
bank	opposite	2	0.70485955
bank	west	4	0.7033341
bank	north	2	0.703023
bank	overlooking	1	0.7026649
bank	east	2	0.7017316
bank	shores	1	0.69891703
bank	nile	1	0.69798404
bank	estuary	1	0.69682586
bank	escarpment	1	0.69069326
bank	just	1	0.69032335
bank	southeast	4	0.6902735
bank	dniester	1	0.6897324
bank	near	3	0.6879093
bank	upstream	1	0.6822207
bank	above	5	0.6812452
bank	northwest	1	0.67937785
bank	dee	1	0.6776921
bank	schroon	1	0.6759899
bank	slope	1	0.67572445
bank	teifi	1	0.669044
bank	moselle	3	0.6678681
bank	corner	1	0.6674776
bank	lake	1	0.6650571
bank	directly	3	0.6605669
bank	southwest	1	0.6605362
bank	downstream	1	0.6595993
bank	end	3	0.6564692
bank	northeast	2	0.6548128
bank	suir	1	0.6538383
bank	dnieper	1	0.6538279
bank	ausable	1	0.6487391
bank	tributary	2	0.6466338
bank	nith	1	0.64621896
bank	plain	1	0.6427938
bank	wharfe	1	0.64141023
bank	cherwell	1	0.64112025
bank	euphrates	1	0.64079183
bank	hooghly	1	0.63987994
bank	savings	2	0.73471874
bank	bank	1	0.7040973
bank	trust	1	0.64389825
bank	icici	1	0.6129282
bank	hsbc	1	0.59363127
bank	tower	1	0.5896425
bank	barclays	1	0.5857138
bank	lloyds	1	0.5731107
bank	building	3	0.5717627
bank	guaranty	1	0.56411594
bank	square	4	0.5639716
bank	brd	1	0.56280357
bank	citigroup	1	0.55946857
bank	exchange	1	0.55818516
bank	plaza	3	0.549752
bank	westpac	2	0.5464821
bank	headquarters	1	0.5403862
bank	jpmorgan	1	0.5367123
bank	market	4	0.53521365
bank	sabmiller	1	0.52774614
bank	anz	2	0.52735454
bank	stock	1	0.5252548
bank	fortis	2	0.52472574
bank	wachovia	1	0.5246475
bank	kistefos	1	0.52126026
bank	mortgage	2	0.5183623
bank	holdings	1	0.51675683
bank	nyse	1	0.5164926
bank	merchants	2	0.5158173
bank	imperial	4	0.5156397
bank	aig	1	0.5151515
bank	branch	5	0.5145516
bank	investment	3	0.5145023
bank	prudential	1	0.5144999
bank	nasdaq	1	0.5115738
bank	limited	3	0.5083363
bank	symbol	3	0.5081949
bank	furniture	2	0.50550115
bank	shanghai	1	0.50520784
bank	tapiola	1	0.5009636
bank	dominion	1	0.49938428
bank	28dubai	1	0.49593747
bank	ltd	2	0.49576086
bank	securities	1	0.49527654
bank	hotel	1	0.49519804
bank	brokerage	1	0.49296173
bank	holding	2	0.49295345
bank	index	3	0.49288785
bank	tsb	1	0.49130073
bank	brewery	1	0.49117473
perl	java	1	0.8752254
perl	javascript	1	0.8654061
perl	scripting	1	0.84574944
perl	compiler	1	0.8394317
perl	ruby	1	0.824121
perl	smalltalk	1	0.82400227
perl	lisp	1	0.82149917
perl	xml	1	0.8212835
perl	programming	2	0.81775945
perl	cobol	1	0.8024088
perl	sql	1	0.7993546
perl	vbscript	1	0.7969546
perl	debugger	1	0.796629
perl	html	2	0.79550886
perl	mysql	1	0.7949709
perl	compilers	1	0.79394686
perl	fortran	1	0.7863441
perl	css	1	0.7851549
perl	markup	1	0.7835656
perl	gui	1	0.7829029
perl	natively	1	0.7776361
perl	syntax	1	0.775325
perl	tcl	1	0.7718903
perl	posix	1	0.76989675
perl	vba	1	0.76951486
perl	postgresql	1	0.769392
perl	plugins	1	0.76909286
perl	extensible	1	0.7671765
perl	gtk	1	0.76611555
perl	api	1	0.76570934
perl	templates	1	0.7650628
perl	sqlite	1	0.76293695
perl	xhtml	1	0.76285076
perl	lua	1	0.7597422
perl	dbase	1	0.75889105
perl	plugin	1	0.7582349
perl	framework	1	0.757631
perl	database	1	0.75759965
perl	apis	1	0.7559459
perl	wysiwyg	1	0.75420356
perl	specification	1	0.7515834
perl	sgml	1	0.75068665
perl	matlab	1	0.75010806
perl	microsoft	1	0.74971867
perl	macros	1	0.7494497
perl	ocaml	1	0.7444397
perl	code	1	0.74417925
perl	editor	2	0.74367684
perl	assembler	1	0.74331
perl	application	1	0.74222517
perl	raum	1	0.6860862
perl	haxel	1	0.64941996
perl	bucher	1	0.6429162
perl	beblo	1	0.64094245
perl	haupt	1	0.64084333
perl	gessner	1	0.6377152
perl	nolde	1	0.6374102
perl	enns	1	0.6287346
perl	handels	1	0.62397397
perl	kunstakademie	1	0.62225103
perl	baselitz	1	0.6186843
perl	ojik	1	0.6135584
perl	buhrle	1	0.6113835
perl	lamm	1	0.60636044
perl	geest	1	0.6042006
perl	hutten	1	0.6000352
perl	mussey	1	0.59922814
perl	meer	1	0.59756273
perl	haarmann	1	0.5963505
perl	op	3	0.59602475
perl	fuer	1	0.59507614
perl	wirtschaft	1	0.5948318
perl	europaische	1	0.594172
perl	fisch	1	0.59392416
perl	bopp	1	0.59390205
perl	politische	1	0.59333813
perl	schjtt	1	0.5925866
perl	sn	3	0.59148115
perl	g1	2	0.59069556
perl	kunstverein	1	0.5905821
perl	frieden	1	0.5897119
perl	forderung	1	0.5895792
perl	ulrich	2	0.58927524
perl	bischoff	2	0.588509
perl	waggonfabrik	1	0.5850898
perl	lauritz	1	0.5850362
perl	madia	1	0.5847272
perl	reichs	1	0.5844173
perl	josee	1	0.5841329
perl	burri	1	0.58256423
perl	siedle	1	0.5824513
perl	aime	2	0.5820484
perl	mangelsdorff	1	0.5820016
perl	wertheimer	1	0.5816
perl	teater	1	0.5813806
perl	busse	1	0.5809534
perl	elberfeld	1	0.58045894
perl	behring	1	0.5798742
perl	stiftung	1	0.5795005
perl	plon	2	0.57935995
perl	sixth	2	0.38176373
perl	stanza	1	0.34688357
perl	krieg	1	0.34196427
perl	buslines	1	0.3402695
perl	fum	1	0.3322886
perl	bunk	1	0.3293499
perl	gminas	1	0.32901478
perl	album	4	0.32448384
perl	verse	2	0.32318553
perl	alcott	1	0.32083127
perl	trimester	1	0.31913206
perl	rushing	1	0.31889105
perl	arrivals	2	0.31699753
perl	timea	1	0.31613997
perl	instalments	1	0.3160893
perl	completions	1	0.31508282
perl	longest	1	0.31381196
perl	shueisha	1	0.3133934
perl	studio	1	0.31214923
perl	brainstorm	1	0.31094313
perl	third	2	0.31045344
perl	doubles	2	0.3059483
perl	passing	3	0.30389503
perl	quinto	1	0.3038118
perl	149	2	0.30343172
perl	portishead	1	0.30342087
perl	28story	1	0.3026579
perl	precaution	2	0.3023004
perl	cps	1	0.3018937
perl	elders	2	0.30178893
perl	126	3	0.30123976
perl	charting	1	0.30059192
perl	returns	3	0.29958558
perl	emus	1	0.29955298
perl	wags	1	0.29950425
perl	single	1	0.29852945
perl	plural	2	0.29819003
perl	attempts	3	0.29757106
perl	garten	1	0.2972388
perl	receptions	1	0.29711217
perl	pronoun	1	0.2969959
perl	rate	2	0.29689643
perl	samhain	1	0.2950999
perl	folio	1	0.29508612
perl	walks	2	0.29357982
perl	title	3	0.29351133
perl	instar	1	0.29199535
perl	kell	1	0.2914484
perl	etr	1	0.29143718
perl	chapter	3	0.29104906
ruby	perl	1	0.82412094
ruby	java	1	0.8075563
ruby	javascript	1	0.801366
ruby	scripting	1	0.7900964
ruby	tcl	1	0.77164686
ruby	natively	1	0.74908197
ruby	smalltalk	1	0.74755347
ruby	xml	1	0.7361389
ruby	compiler	1	0.7317202
ruby	lisp	1	0.7307829
ruby	vbscript	1	0.7297115
ruby	templates	1	0.7271924
ruby	apis	1	0.7260632
ruby	cobol	1	0.7253477
ruby	compilers	1	0.72223467
ruby	dbase	1	0.72080404
ruby	mysql	1	0.7198303
ruby	fonts	1	0.7163633
ruby	sgml	1	0.7160857
ruby	plugins	1	0.71594584
ruby	applets	1	0.7157069
ruby	lua	1	0.71566546
ruby	gtk	1	0.71512
ruby	gui	1	0.7131573
ruby	plugin	1	0.7129036
ruby	html	2	0.71049845
ruby	macros	1	0.7104327
ruby	css	1	0.7073749
ruby	api	1	0.70716524
ruby	programming	2	0.7048888
ruby	browsers	1	0.70252824
ruby	freebsd	1	0.7023288
ruby	opentype	1	0.7013752
ruby	markup	1	0.7010757
ruby	konqueror	1	0.70072585
ruby	j2ee	1	0.6987744
ruby	default	1	0.69867605
ruby	widgets	1	0.6975376
ruby	unix	1	0.69718486
ruby	interface	1	0.6955636
ruby	odbc	1	0.6943746
ruby	ocaml	1	0.69337237
ruby	sqlite	1	0.69322425
ruby	multitasking	1	0.6931166
ruby	proprietary	1	0.6923566
ruby	fop	1	0.69151187
ruby	packages	1	0.6913541
ruby	sql	1	0.69052553
ruby	executables	1	0.6896807
ruby	postgresql	1	0.688992
ruby	golden	2	0.5985846
ruby	sapphire	1	0.56245214
ruby	buckskin	1	0.5528854
ruby	pale	2	0.54156864
ruby	beryl	2	0.53999007
ruby	berry	2	0.5377762
ruby	red	4	0.5342012
ruby	ochre	1	0.5317986
ruby	cow	2	0.53169054
ruby	breasted	1	0.52793235
ruby	paprika	1	0.5218285
ruby	tabby	1	0.52150494
ruby	turquoise	1	0.5199127
ruby	langur	1	0.51326704
ruby	cream	1	0.5128236
ruby	cinnamon	1	0.5124563
ruby	tan	1	0.51061976
ruby	schifferstadt	1	0.50935596
ruby	white	1	0.5080412
ruby	socks	1	0.50761634
ruby	violet	1	0.50750935
ruby	red	1	0.50629634
ruby	collared	1	0.5053538
ruby	brindle	1	0.50518113
ruby	lime	3	0.50498855
ruby	tongued	1	0.504068
ruby	striped	1	0.50405693
ruby	holstein	3	0.50297713
ruby	browed	1	0.5018578
ruby	marbled	1	0.49544898
ruby	tunics	1	0.4940873
ruby	semnopithecus	1	0.4929669
ruby	scarlet	1	0.4925546
ruby	cranberry	1	0.49219462
ruby	lavender	1	0.49202946
ruby	flannel	1	0.49168983
ruby	281958	1	0.49151993
ruby	liqueur	1	0.4914161
ruby	satin	1	0.4911341
ruby	sweatshirt	1	0.48847482
ruby	arrow	2	0.48798645
ruby	blueberry	1	0.48665965
ruby	lemon	1	0.48621795
ruby	grey	1	0.48610646
ruby	prinia	1	0.48524833
ruby	emerald	1	0.4850208
ruby	tawny	1	0.48389605
ruby	hooped	1	0.48338833
ruby	gin	1	0.48251456
ruby	slaty	1	0.48197606
ruby	sandy	3	0.71629953
ruby	jo	2	0.70473826
ruby	bee	1	0.70383555
ruby	rose	4	0.70092815
ruby	meg	1	0.7005518
ruby	johnny	3	0.6979407
ruby	jennifer	2	0.6974277
ruby	louise	3	0.69628817
ruby	heather	1	0.690856
ruby	nina	2	0.6871332
ruby	kate	1	0.6827964
ruby	annie	1	0.6817552
ruby	brown	4	0.68146133
ruby	tommy	3	0.6811547
ruby	katie	2	0.681011
ruby	sara	2	0.6797279
ruby	holly	2	0.67972714
ruby	maggie	2	0.67827195
ruby	charlie	3	0.67725545
ruby	patty	2	0.6764459
ruby	kim	3	0.67520523
ruby	missy	1	0.67194605
ruby	cassidy	1	0.6715751
ruby	kay	2	0.67003727
ruby	jessica	2	0.66997
ruby	mary	5	0.6685737
ruby	jodi	2	0.66707796
ruby	amanda	1	0.6668015
ruby	sarah	1	0.6660202
ruby	shirley	2	0.66599196
ruby	jessie	2	0.665872
ruby	carnie	1	0.6658062
ruby	ella	2	0.6653041
ruby	ginger	2	0.66522676
ruby	ben	3	0.66485757
ruby	braff	1	0.66428715
ruby	michelle	2	0.6641038
ruby	melissa	2	0.66308254
ruby	amy	2	0.66248983
ruby	stacie	1	0.66239154
ruby	kerry	4	0.6607584
ruby	bailey	2	0.66036093
ruby	larry	3	0.659522
ruby	lucy	2	0.65911627
ruby	karen	2	0.6588801
ruby	kelly	2	0.65870833
ruby	snow	3	0.6586975
ruby	sally	2	0.6578523
ruby	pat	3	0.65660137
ruby	danny	3	0.65485793
jaguar	mondeo	1	0.77829415
jaguar	ford	2	0.77176034
jaguar	sunbeam	1	0.76354706
jaguar	xj	1	0.75814795
jaguar	rover	1	0.7521486
jaguar	gt	2	0.74340415
jaguar	gti	1	0.7394757
jaguar	gt3	1	0.73529303
jaguar	vw	1	0.734508
jaguar	v12	1	0.73433584
jaguar	zetec	1	0.7276308
jaguar	turbo	1	0.72584194
jaguar	chevrolet	1	0.72429264
jaguar	f430	1	0.7215025
jaguar	badging	1	0.71857756
jaguar	4x4	1	0.71801734
jaguar	coupe	1	0.71518534
jaguar	nissan	1	0.7147554
jaguar	duratorq	1	0.7137741
jaguar	ducati	1	0.71349406
jaguar	chassis	1	0.7134435
jaguar	honda	1	0.7130945
jaguar	cosworth	1	0.71289223
jaguar	lancer	1	0.71253324
jaguar	gts	1	0.70612186
jaguar	badged	1	0.7058513
jaguar	750cc	1	0.7056898
jaguar	gt500	1	0.7053559
jaguar	mk3	1	0.705236
jaguar	volkswagen	1	0.7035521
jaguar	bmw	1	0.70351416
jaguar	v6	1	0.7031333
jaguar	mazda	1	0.6995867
jaguar	rs	2	0.6992043
jaguar	cvh	1	0.69842684
jaguar	cruiser	3	0.6980573
jaguar	porsche	1	0.6978449
jaguar	coupe	2	0.696394
jaguar	carrera	1	0.6948943
jaguar	convertible	1	0.6947773
jaguar	v8	1	0.6937934
jaguar	gt1	1	0.693735
jaguar	model	3	0.6910916
jaguar	ghia	1	0.6907398
jaguar	corvair	1	0.69009954
jaguar	dfv	1	0.6900293
jaguar	sporty	1	0.68991274
jaguar	turbocharged	1	0.68939126
jaguar	lacetti	1	0.6892538
jaguar	chrysler	1	0.68911654
jaguar	jackal	1	0.58277786
jaguar	kobra	1	0.5774325
jaguar	falcon	2	0.56674147
jaguar	blanka	1	0.5589616
jaguar	teams	5	0.55834377
jaguar	wombat	1	0.55668837
jaguar	jaguar	1	0.5562838
jaguar	goliath	2	0.55050516
jaguar	bumblebee	1	0.5494747
jaguar	anteater	1	0.5488013
jaguar	bunnie	1	0.54241717
jaguar	trunks	2	0.541337
jaguar	genki	1	0.53758276
jaguar	wraith	1	0.5319043
jaguar	borg	2	0.53030187
jaguar	clones	2	0.52781546
jaguar	abaddon	1	0.52760434
jaguar	asurada	1	0.52747697
jaguar	vulture	1	0.52707267
jaguar	swinger	1	0.5262964
jaguar	raiden	1	0.5246854
jaguar	jaguars	2	0.5241156
jaguar	gale	3	0.5237594
jaguar	replicants	1	0.5207747
jaguar	brigadier	3	0.5207309
jaguar	hairy	2	0.51874936
jaguar	ghidorah	1	0.51764965
jaguar	rampaging	1	0.51738626
jaguar	baskervilles	1	0.5169793
jaguar	interceptor	2	0.51638544
jaguar	kensei	1	0.51555425
jaguar	dash	2	0.51532966
jaguar	kazami	1	0.5146327
jaguar	bb	3	0.5143758
jaguar	tigers	3	0.5143148
jaguar	scarab	1	0.5141559
jaguar	lola	1	0.51380557
jaguar	koala	1	0.5134222
jaguar	thunderbird	1	0.5130437
jaguar	dinobots	1	0.51182765
jaguar	kazuki	1	0.511391
jaguar	gokudera	1	0.51129305
jaguar	orangutan	1	0.5109192
jaguar	demon	1	0.5107116
jaguar	canis	1	0.51048976
jaguar	hotspur	2	0.5099794
jaguar	grizzled	1	0.509188
jaguar	gladiator	1	0.5089838
jaguar	balrog	1	0.5086319
jaguar	motherships	1	0.50851154
jaguar	mindvox	1	0.40510538
jaguar	sargo	1	0.3584634
jaguar	cm	3	0.34381735
jaguar	kroupa	1	0.3397877
jaguar	fritzl	1	0.33404607
jaguar	vreel	1	0.3324163
jaguar	winger	1	0.33098823
jaguar	hockey	1	0.32960802
jaguar	eir	1	0.32745218
jaguar	pivot	2	0.3272462
jaguar	dior	2	0.32648274
jaguar	mdl	1	0.3249004
jaguar	meo	1	0.3248724
jaguar	lecompton	1	0.32422537
jaguar	acknowledgements	1	0.32382834
jaguar	makassar	1	0.32283822
jaguar	argonaut	1	0.3180078
jaguar	capill	1	0.3151057
jaguar	amaru	1	0.3145867
jaguar	lst	1	0.31165308
jaguar	1s	2	0.31161484
jaguar	scamp	1	0.31127545
jaguar	actaeon	1	0.30929437
jaguar	rehearing	1	0.30909574
jaguar	yadlin	1	0.3059344
jaguar	alcamo	1	0.30585143
jaguar	motion	3	0.30547008
jaguar	deduction	1	0.30502605
jaguar	unipol	1	0.30452982
jaguar	reconsideration	1	0.30330575
jaguar	danfs	1	0.30277646
jaguar	schlg	1	0.30276474
jaguar	deliberated	1	0.30241087
jaguar	taku	1	0.30195397
jaguar	cavalla	1	0.30172595
jaguar	bail	1	0.30152017
jaguar	vardan	1	0.30118284
jaguar	yohei	1	0.30000046
jaguar	linke	1	0.29849777
jaguar	artin	1	0.29785195
jaguar	safeguard	2	0.2973212
jaguar	cgc	1	0.29719272
jaguar	procyon	1	0.29714087
jaguar	ytm	1	0.29657423
jaguar	74	2	0.29531673
jaguar	bolukba	1	0.29462215
jaguar	progressives	2	0.29351124
jaguar	schl	1	0.29257345
jaguar	eie	1	0.2918707
jaguar	penion	1	0.2914501
java	scripting	1	0.89795136
java	javascript	1	0.8944399
java	api	1	0.8898818
java	compiler	1	0.8891679
java	application	1	0.8888836
java	gui	1	0.88762325
java	debugger	1	0.882964
java	apis	1	0.87649155
java	perl	1	0.8752254
java	framework	1	0.8722643
java	microsoft	1	0.8682655
java	xml	1	0.8679578
java	plugins	1	0.8670516
java	sql	1	0.862511
java	plugin	1	0.86190265
java	applications	1	0.8573328
java	desktop	1	0.856462
java	mysql	1	0.8559942
java	natively	1	0.8521964
java	j2ee	1	0.8516365
java	gtk	1	0.8511467
java	using	1	0.84933895
java	embedded	1	0.84702736
java	sdk	1	0.84643835
java	unix	1	0.8450295
java	proprietary	1	0.84498805
java	supports	2	0.8433376
java	runtime	1	0.8425982
java	client	1	0.8425889
java	support	2	0.8406323
java	backend	1	0.8394027
java	programming	2	0.8384125
java	win32	1	0.83764505
java	ide	1	0.8353642
java	functionality	1	0.8351561
java	interface	1	0.83395827
java	cygwin	1	0.8318164
java	default	1	0.83180803
java	swt	1	0.83165276
java	server	2	0.8282677
java	extensible	1	0.82772243
java	konqueror	1	0.8271481
java	tool	2	0.82679886
java	css	1	0.8265882
java	compilers	1	0.82547414
java	silverlight	1	0.8253684
java	browser	1	0.82524043
java	postgresql	1	0.82465905
java	packages	1	0.82462364
java	posix	1	0.8233533
java	sumatra	1	0.85124654
java	sulawesi	1	0.80044514
java	borneo	1	0.79786944
java	kalimantan	1	0.7624864
java	bali	1	0.7432596
java	palembang	1	0.7400426
java	indonesia	1	0.7393202
java	west	1	0.7261146
java	south	4	0.72477525
java	moluccas	1	0.7196471
java	lombok	1	0.7149789
java	celebes	1	0.712162
java	malacca	1	0.69171023
java	zanzibar	1	0.6817974
java	ternate	1	0.67536825
java	kupang	1	0.67474174
java	east	3	0.6747402
java	southern	4	0.6735334
java	india	1	0.67258334
java	sunda	1	0.6683372
java	kuril	1	0.66479325
java	maluku	1	0.66380876
java	timor	1	0.6605992
java	southeast	3	0.65907186
java	mentawai	1	0.6572593
java	malaysia	3	0.65376884
java	malabar	2	0.65231997
java	archipelago	2	0.647853
java	malaya	1	0.6434295
java	aden	1	0.6433563
java	north	4	0.6363297
java	surabaya	1	0.63610667
java	northern	5	0.63373643
java	yogyakarta	1	0.6333492
java	halmahera	1	0.6299548
java	melanesia	1	0.629855
java	tenasserim	1	0.6284936
java	thailand	1	0.6269297
java	bangka	1	0.6249608
java	hokkaidm	2	0.6227275
java	pacific	1	0.6224212
java	burma	4	0.6205788
java	sri	1	0.62044084
java	jakarta	1	0.62027353
java	nusa	1	0.6191547
java	tenggara	1	0.6190778
java	peninsular	1	0.61895746
java	andaman	1	0.6186925
java	lanka	1	0.61807966
java	china	2	0.6171441
java	java	2	0.54713905
java	sumatra	1	0.5004269
java	sulawesi	1	0.49400815
java	kalimantan	1	0.4919606
java	namco	1	0.49191463
java	indies	2	0.47215456
java	obi	1	0.4719624
java	safari	2	0.4626367
java	gangwon	1	0.45993054
java	bali	1	0.4569756
java	fez	1	0.4549939
java	bangka	1	0.45422783
java	nias	1	0.4535915
java	saharan	1	0.45184326
java	ethiopia	1	0.44722116
java	foshan	1	0.44411203
java	avalon	2	0.44406128
java	bogor	1	0.43672073
java	kecil	1	0.4359113
java	komodo	1	0.43508896
java	zanzibar	1	0.43246037
java	surabaya	1	0.43155318
java	tenggara	1	0.4311014
java	riau	1	0.42984685
java	hoenn	1	0.42842188
java	taek	1	0.4264813
java	amok	1	0.42644653
java	mombasa	1	0.42631495
java	burra	1	0.4253629
java	johannesburg	2	0.42508304
java	banten	1	0.42306358
java	computer	2	0.42292866
java	borneo	1	0.4220839
java	mae	3	0.42194083
java	soho	2	0.4214814
java	neko	1	0.4211719
java	southwest	2	0.42067453
java	iiie	1	0.42061597
java	kampung	2	0.42034835
java	mentawai	1	0.41999304
java	paarl	1	0.4195254
java	saida	1	0.41938564
java	holmby	1	0.4185244
java	pulau	1	0.4182061
java	ape	2	0.41775346
java	outpost	1	0.41771668
java	kankan	1	0.4176423
java	ngi	1	0.41761947
java	vietnam	1	0.41717777
java	nomad	1	0.41707674
python	ruby	1	0.6651556
python	perl	1	0.65488464
python	monty	1	0.6511482
python	java	1	0.64999324
python	scripting	1	0.64525616
python	lisp	1	0.6175063
python	smalltalk	1	0.6163411
python	compiler	1	0.61605
python	apis	1	0.60167
python	gtk	1	0.59932745
python	natively	1	0.5954939
python	dbase	1	0.594012
python	tui	2	0.59390074
python	javascript	1	0.5907451
python	browsers	1	0.5901658
python	syntax	1	0.5901155
python	xbase	1	0.58908814
python	mysql	1	0.5879886
python	xml	1	0.585712
python	tcl	1	0.58406156
python	gui	1	0.58377314
python	cygwin	1	0.5834881
python	truetype	1	0.5827742
python	sqlite	1	0.5823925
python	gnu	2	0.57978874
python	hypertext	1	0.57827246
python	algol	1	0.5779156
python	javaserver	1	0.5771678
python	mediawiki	1	0.5769907
python	opentype	1	0.57668084
python	emacs	1	0.57590884
python	extensible	1	0.5748018
python	xhtml	1	0.5747161
python	postgresql	1	0.573179
python	default	1	0.5717076
python	applets	1	0.5715373
python	programming	2	0.57021254
python	fop	1	0.5701335
python	prolog	1	0.56918794
python	specification	1	0.568808
python	sql	1	0.5683958
python	vbscript	1	0.56767434
python	api	1	0.567491
python	vba	1	0.56741375
python	j2ee	1	0.5669996
python	konqueror	1	0.5666279
python	runtime	1	0.5664767
python	fedora	1	0.5654742
python	ghc	1	0.5653767
python	implementation	1	0.5651817
python	sinclair	1	0.40916112
python	gridley	1	0.3774163
python	grantas	1	0.37732783
python	pitcairn	1	0.3757784
python	fracture	2	0.37481153
python	shermanas	1	0.37226418
python	gatun	1	0.37202203
python	arniston	1	0.37170956
python	penobscot	1	0.37060797
python	ormsby	1	0.3702111
python	binh	2	0.369841
python	crofton	1	0.36724225
python	digges	1	0.36711758
python	colville	1	0.3628609
python	honduras	3	0.36094427
python	melville	1	0.36037785
python	anglin	1	0.3598239
python	heathcote	1	0.35604027
python	monitor	2	0.35584292
python	picton	1	0.35323462
python	houseas	1	0.35175171
python	rennell	1	0.35104734
python	continental	3	0.35085204
python	signatory	1	0.34821638
python	weddell	1	0.3476608
python	balfour	1	0.34643805
python	superintended	1	0.34542456
python	wailuku	1	0.34479794
python	dalrymple	1	0.34337085
python	palestine	2	0.3428716
python	mcmurdo	1	0.3409586
python	reassigned	1	0.34086287
python	leete	1	0.33998725
python	burdett	1	0.33939087
python	richardt	1	0.3386296
python	assigned	1	0.33857578
python	bellingham	1	0.33793232
python	verney	1	0.33755326
python	risdon	1	0.33638555
python	whaling	1	0.33516628
python	hetzel	1	0.33453262
python	ashburton	1	0.33352655
python	southey	1	0.33338654
python	bearsted	1	0.3333642
python	baronet	2	0.33333814
python	chaytor	1	0.3330342
python	describe	3	0.33273694
python	paria	1	0.3316398
python	spearfish	1	0.3316383
python	brokered	1	0.3305466
python	elgon	1	0.41650775
python	jerusalem	2	0.36486894
python	orthodox	3	0.36048245
python	chaldean	1	0.35647127
python	buea	1	0.3539846
python	maronite	1	0.35331738
python	plovdiv	1	0.34454775
python	ahmedabad	2	0.34318775
python	denpasar	1	0.34192565
python	thessaloniki	1	0.34079465
python	kadisha	1	0.34022197
python	yoshkar	1	0.33915156
python	kazakhstan	2	0.33754143
python	yambol	1	0.33679363
python	jewish	1	0.33644152
python	9fti	2	0.33606714
python	almaty	1	0.32908547
python	radwan	1	0.32821462
python	zhytomyr	1	0.3270242
python	expat	1	0.3240363
python	cemeteries	2	0.32202095
python	holocaust	1	0.3211774
python	scopus	1	0.3210191
python	sarajevo	1	0.31991255
python	minsk	1	0.31949505
python	ushmm	1	0.31928366
python	ohrid	1	0.3166141
python	greece	2	0.31631786
python	mennonite	1	0.31558815
python	turkmenistan	1	0.3149834
python	tashkent	1	0.31431037
python	baalbek	1	0.31254914
python	veles	1	0.31201082
python	shusha	1	0.3109939
python	tajikistan	1	0.30994096
python	dolna	2	0.30938855
python	yemenite	1	0.30835894
python	scientology	1	0.30832165
python	receives	3	0.30759344
python	residing	2	0.30680904
python	veliko	1	0.30638632
python	melkite	1	0.30555832
python	monastery	3	0.30467844
python	hizbollah	1	0.3028199
python	human	2	0.3017266
python	preach	1	0.30014223
python	slonim	1	0.29928228
python	bulgarian	2	0.2988017
python	kyiv	1	0.29760325
python	burra	2	0.29654437
university	state	2	0.86168694
university	college	1	0.83789337
university	iowa	2	0.8345106
university	alabama	1	0.8340721
university	football	4	0.8173409
university	clemson	1	0.8116815
university	coach	2	0.78401566
university	virginia	3	0.78076196
university	carolina	5	0.7732877
university	baylor	1	0.7702469
university	utah	3	0.76558363
university	auburn	2	0.7642448
university	arkansas	1	0.76247776
university	indiana	5	0.7618017
university	georgia	1	0.75889677
university	penn	1	0.75889486
university	florida	1	0.7500258
university	oklahoma	2	0.7492713
university	nebraska	2	0.74785805
university	michigan	2	0.74735653
university	wildcats	2	0.7428428
university	texas	4	0.74229574
university	michigan	1	0.74153215
university	ohio	1	0.7386571
university	cal	1	0.73782873
university	purdue	1	0.7356676
university	furman	1	0.73460996
university	wisconsin	1	0.73310006
university	villanova	1	0.72952896
university	mississippi	2	0.72796077
university	grambling	1	0.7270345
university	fresno	2	0.72591436
university	pepperdine	1	0.72470284
university	emporia	1	0.7237336
university	illinois	1	0.72317344
university	peay	1	0.7226828
university	austin	1	0.71938264
university	tennessee	2	0.7165978
university	unlv	1	0.714185
university	mountaineers	1	0.71401453
university	boise	1	0.7103334
university	quarterback	2	0.7098648
university	millsaps	1	0.7083747
university	spartans	1	0.7083056
university	bucknell	1	0.706946
university	delaware	2	0.70558953
university	colgate	1	0.7053723
university	kansas	1	0.7044258
university	arizona	2	0.703123
university	moundbuilders	1	0.70149744
university	campus	1	0.8103685
university	polytechnic	1	0.7700941
university	renmin	1	0.72824097
university	university	4	0.72822326
university	institute	1	0.72223455
university	technology	1	0.7213212
university	school	4	0.7023346
university	universityas	1	0.7007675
university	medical	1	0.6613285
university	technological	1	0.6593091
university	touro	1	0.65733176
university	department	1	0.6562712
university	california	3	0.6541071
university	medicine	1	0.6535068
university	universities	2	0.6526418
university	diliman	1	0.65144247
university	graduate	3	0.6469996
university	hofstra	1	0.64508134
university	faculty	1	0.64405054
university	health	4	0.64132106
university	sciences	2	0.6404007
university	florida	2	0.6391364
university	technical	2	0.6381429
university	library	1	0.6299095
university	nanosystems	1	0.62698936
university	berkeley	1	0.6255721
university	veterinary	1	0.62488854
university	tokyo	2	0.6238103
university	campuses	1	0.6235955
university	loyola	1	0.6226524
university	fudan	1	0.62077546
university	branch	5	0.619928
university	uplb	1	0.61789596
university	dongsan	1	0.6176577
university	agricultural	2	0.6171288
university	university	3	0.61507696
university	mahidol	1	0.61407334
university	mitaka	1	0.6136002
university	keimyung	1	0.61356765
university	umist	1	0.61125064
university	art	2	0.6082355
university	gakuin	1	0.6058087
university	ritsumeikan	1	0.6056384
university	ucsf	1	0.6053131
university	massachusetts	3	0.6043704
university	keio	1	0.6026766
university	concordia	1	0.6011052
university	peradeniya	1	0.6010419
university	nursing	1	0.60045165
university	hangchow	1	0.599115
university	yale	1	0.8696251
university	economics	1	0.8564467
university	law	2	0.85637534
university	harvard	1	0.84976786
university	stanford	1	0.84760714
university	princeton	1	0.84740275
university	college	2	0.8467885
university	school	4	0.83978003
university	medicine	1	0.83018863
university	cornell	1	0.83017117
university	mathematics	1	0.82214314
university	philosophy	1	0.8173718
university	graduate	3	0.8173006
university	columbia	1	0.81427246
university	mcgill	1	0.81098026
university	psychology	1	0.8086994
university	anthropology	1	0.80610573
university	physics	2	0.7988894
university	studied	1	0.79781485
university	rutgers	1	0.7946116
university	institute	1	0.794312
university	graduated	2	0.78487384
university	ucla	2	0.78359735
university	sociology	1	0.7825832
university	berkeley	1	0.7775953
university	mit	1	0.7763655
university	faculty	1	0.7752354
university	medical	3	0.7710989
university	brandeis	1	0.769317
university	undergraduate	2	0.766997
university	phd	1	0.7650937
university	ba	2	0.7641254
university	llb	1	0.7609195
university	divinity	1	0.76041305
university	fordham	1	0.7600432
university	cambridge	1	0.75829023
university	llm	1	0.7566508
university	professorship	1	0.75353724
university	art	2	0.7527763
university	dartmouth	1	0.752014
university	theology	1	0.7478582
university	michigan	1	0.74689585
university	professor	1	0.74662024
university	taught	1	0.7464614
university	journalism	1	0.74483544
university	swarthmore	1	0.74419487
university	majored	1	0.7436754
university	georgetown	1	0.7432152
university	oxford	2	0.74202925
university	mba	1	0.73803604
company	steamship	1	0.7397214
company	pacific	5	0.7105514
company	traction	2	0.70879847
company	isthmian	2	0.6798794
company	steam	2	0.6750612
company	uraga	1	0.6722179
company	vgn	1	0.67107064
company	electric	1	0.6576485
company	operating	1	0.6555786
company	bedt	1	0.6508677
company	esso	1	0.64924246
company	railroad	2	0.64790565
company	railway	5	0.646754
company	manufacturing	2	0.63923776
company	steel	4	0.6338298
company	nedlloyd	1	0.6338115
company	lackawanna	1	0.6257823
company	co	1	0.61641884
company	coal	2	0.61591697
company	herreshoff	1	0.61547214
company	elswick	1	0.61503434
company	steamships	1	0.61480665
company	cnor	1	0.6147638
company	construction	5	0.6124167
company	cable	4	0.6121824
company	sternwheeler	1	0.60996187
company	rifles	2	0.6078284
company	shipbuilding	2	0.6071524
company	foundry	1	0.60664856
company	engineering	4	0.60165185
company	cp	2	0.6010107
company	lykes	1	0.60029835
company	thc	2	0.59629744
company	badgerline	1	0.5950338
company	steamers	1	0.59458596
company	horsecar	1	0.5945658
company	zidell	1	0.5939571
company	armstrongs	1	0.5937227
company	maudslay	1	0.5937033
company	ferryboat	1	0.59311324
company	telegraph	2	0.5920082
company	collieries	1	0.5912265
company	antecedent	2	0.59113365
company	tilling	1	0.59028906
company	tramways	1	0.5872036
company	icebreaking	1	0.58632404
company	depot	2	0.5860475
company	canadian	4	0.58560693
company	shipyards	1	0.5848694
company	light	2	0.5846249
company	ltd	1	0.8027559
company	corporation	3	0.8019781
company	holdings	1	0.7871309
company	subsidiary	1	0.7848273
company	diversified	2	0.77638435
company	limited	3	0.77023613
company	llc	2	0.76902443
company	wholly	1	0.7364448
company	firm	2	0.73461115
company	inc	5	0.732405
company	plc	1	0.73227394
company	headquartered	1	0.7303381
company	manufacturing	2	0.7303154
company	technologies	2	0.7158385
company	fabless	1	0.714413
company	ltd	2	0.71117264
company	txu	1	0.70371264
company	manufacturer	1	0.7030789
company	retailer	1	0.70305514
company	pharmaceutical	2	0.7015008
company	corp	1	0.7007078
company	corp	2	0.69799775
company	private	1	0.6966969
company	privately	1	0.6931836
company	software	3	0.69195014
company	plexus	2	0.6915917
company	acquired	2	0.6912668
company	biopharmaceutical	1	0.68959624
company	industries	2	0.68894726
company	supplier	1	0.6811955
company	distributor	1	0.6804572
company	wholesale	1	0.67751724
company	owned	2	0.6768107
company	manufactures	1	0.6755954
company	alarmforce	1	0.6748436
company	global	3	0.6744627
company	holding	2	0.67436075
company	consultancy	1	0.67320675
company	inc	2	0.6710656
company	investment	3	0.6708155
company	pty	1	0.6688092
company	owns	2	0.66632
company	foods	2	0.6629668
company	vanco	1	0.66119266
company	subsidiaries	1	0.661024
company	metals	2	0.6599324
company	solutions	3	0.6598961
company	retail	2	0.65799326
company	retailing	1	0.65791774
company	nyse	1	0.65720785
company	weatherly	2	0.7654635
company	companyas	1	0.750915
company	talktalk	1	0.7396103
company	ipo	1	0.7271947
company	stock	2	0.7230008
company	esselte	1	0.717953
company	business	1	0.7135723
company	usaa	1	0.7081235
company	kkr	1	0.70288205
company	revlon	1	0.7012026
company	glam	2	0.6971214
company	pendaflex	1	0.69706166
company	emachines	1	0.6952211
company	istel	1	0.69483405
company	bankas	1	0.69310707
company	spinout	1	0.69250786
company	acquisition	1	0.6920832
company	shareholders	1	0.6901937
company	profits	1	0.6896108
company	shareholding	1	0.68837446
company	rjr	1	0.6857707
company	sales	2	0.68556756
company	buyout	1	0.68195206
company	liquidating	1	0.67926204
company	stake	1	0.6792306
company	nabisco	1	0.6787339
company	handelsbanken	1	0.6755154
company	kpe	1	0.67533326
company	idt	1	0.67528987
company	shares	1	0.66824037
company	nyse	1	0.66560376
company	iinet	1	0.66399187
company	txu	1	0.6582206
company	market	3	0.65686065
company	assets	1	0.6557345
company	forex	1	0.6556824
company	retail	2	0.65559405
company	brand	3	0.6550137
company	ipos	1	0.654979
company	firm	3	0.6525244
company	investment	1	0.65174955
company	shareholder	1	0.6515662
company	tpg	1	0.6515576
company	product	2	0.65088266
company	euk	1	0.6495149
company	electrolux	1	0.6483585
company	companies	1	0.6465826
company	stockholders	1	0.6464444
company	paypal	1	0.64598763
company	fdic	1	0.64549094
site	interest	3	0.71987677
site	unesco	1	0.68566614
site	archaeological	1	0.6788693
site	monument	1	0.66538864
site	paleontological	1	0.6545596
site	sssi	1	0.65212625
site	heritage	1	0.64726454
site	archeological	1	0.64037836
site	scientific	1	0.63689107
site	sites	1	0.6001446
site	protected	2	0.5801582
site	monuments	1	0.57695085
site	marker	1	0.5753128
site	designated	2	0.55611795
site	national	5	0.55505985
site	muleshoe	1	0.5523203
site	reserve	2	0.5388948
site	cemetery	1	0.53577125
site	gunung	1	0.5341443
site	listed	1	0.53237665
site	preserve	3	0.5323604
site	historic	4	0.5319026
site	archaelogical	1	0.5289827
site	nki	1	0.5217155
site	natural	5	0.5197928
site	nodena	1	0.5179867
site	historical	3	0.51434124
site	wetland	1	0.5136891
site	park	2	0.5132574
site	parkin	1	0.5122986
site	archeological	2	0.5115782
site	ramsar	1	0.50991476
site	battlefield	2	0.50831413
site	nature	4	0.5077692
site	heritage	3	0.5054967
site	museum	2	0.50534093
site	toltec	1	0.50525004
site	fossil	3	0.5037273
site	preserves	1	0.49743664
site	nature	2	0.4970321
site	dundurn	1	0.49414712
site	cadw	1	0.49124345
site	historical	1	0.48770642
site	wildlife	2	0.4845063
site	sanctuary	1	0.48328787
site	ri	2	0.48056075
site	preservation	1	0.47980508
site	tati	1	0.47894543
site	repository	2	0.4750174
site	biosphere	1	0.4737003
site	website	1	0.8049686
site	sites	2	0.7793685
site	web	2	0.748807
site	twitter	1	0.73622406
site	portal	1	0.7332313
site	database	3	0.7282117
site	facebook	1	0.7269677
site	org	2	0.72074646
site	webpage	1	0.71232486
site	url	1	0.70705277
site	com	2	0.7068449
site	homepage	1	0.6955849
site	content	3	0.69372296
site	kidzui	1	0.69225895
site	gmail	1	0.69178265
site	deviantart	1	0.6917232
site	page	2	0.68725705
site	scrabulous	1	0.6862824
site	archive	1	0.6859594
site	flickr	1	0.68360263
site	email	1	0.67967325
site	profile	3	0.6784323
site	web	1	0.67715734
site	directory	1	0.67688817
site	uploads	1	0.6764556
site	websites	1	0.67635596
site	messenger	2	0.67615545
site	fotki	1	0.6726448
site	web	3	0.6724878
site	mouthshut	1	0.6706911
site	users	1	0.66918117
site	offline	1	0.6684212
site	ksp	1	0.6675427
site	datadirect	1	0.66298884
site	online	2	0.6600834
site	http	2	0.65943336
site	friendster	1	0.658608
site	docs	1	0.6578966
site	rss	1	0.6553797
site	hosting	1	0.6543519
site	search	1	0.65351385
site	intranets	1	0.6518724
site	server	2	0.65169907
site	opensocial	1	0.65064996
site	livejournal	1	0.6505836
site	newgrounds	1	0.6495289
site	upload	1	0.64894
site	sourceforge	1	0.6476423
site	adsense	1	0.6474021
site	pages	1	0.64674073
site	old	2	0.7476424
site	grounds	1	0.7469925
site	complex	2	0.7380416
site	cemetery	4	0.7298488
site	stands	1	0.7227086
site	penrhys	1	0.71922004
site	building	1	0.71291924
site	castle	2	0.69893813
site	estate	2	0.6971614
site	church	4	0.6901422
site	lighthouse	2	0.6859742
site	itself	1	0.67946786
site	fort	4	0.67924905
site	sited	1	0.6777684
site	today	2	0.66978645
site	wood	4	0.6691022
site	now	1	0.66853565
site	location	3	0.66661626
site	benslie	1	0.6660498
site	original	2	0.66594297
site	ruins	1	0.66490763
site	once	4	0.6598465
site	beside	1	0.6560284
site	spire	2	0.65545917
site	hillside	1	0.6519492
site	construction	1	0.65072703
site	derelict	1	0.6506604
site	property	2	0.6468145
site	hall	2	0.64632696
site	entrance	1	0.64570624
site	remains	2	0.644041
site	landmarked	1	0.6421411
site	tower	2	0.6368094
site	hilltop	1	0.63654804
site	house	5	0.63526285
site	buildings	1	0.63511854
site	terrace	1	0.6320841
site	erected	2	0.63102293
site	situated	2	0.631014
site	campus	2	0.629301
site	seafront	1	0.6276137
site	demolition	1	0.6273256
site	tomotley	1	0.6262994
site	brattonsville	1	0.6262172
site	schoolhouse	1	0.6260234
site	structure	2	0.6255592
site	built	3	0.62510717
site	town	5	0.6247952
site	roofless	1	0.62401986
site	reconstruction	2	0.6234377
help	prevent	2	0.8204995
help	helps	2	0.8099349
help	detect	1	0.7805398
help	induce	1	0.769472
help	eliminate	2	0.7649053
help	avoid	1	0.76033163
help	recover	2	0.751452
help	identify	1	0.75133705
help	affect	1	0.74730796
help	remove	1	0.7464246
help	potentially	1	0.74223274
help	improve	1	0.7408959
help	contribute	1	0.73685986
help	locate	1	0.7354699
help	keep	1	0.73536927
help	expand	2	0.73448324
help	destroy	3	0.72914356
help	further	2	0.7264542
help	reliably	1	0.7262552
help	allow	1	0.7235488
help	relieve	2	0.7224699
help	ability	1	0.7214017
help	predispose	1	0.718966
help	need	4	0.7175274
help	effectively	1	0.71605676
help	alter	1	0.71600336
help	mitigate	1	0.71507233
help	odors	1	0.7120881
help	lead	2	0.7119838
help	digest	2	0.7108628
help	aid	3	0.7107931
help	spread	1	0.71048415
help	sterilize	1	0.7090996
help	cause	1	0.7074812
help	exploit	1	0.70745766
help	disinfect	1	0.7073714
help	diagnose	1	0.7067821
help	minimize	1	0.70670277
help	properly	1	0.7050102
help	reduce	1	0.7022828
help	enhance	2	0.7005025
help	target	1	0.70001405
help	visualize	1	0.6998402
help	overcome	1	0.69928473
help	fail	1	0.69875675
help	targets	2	0.69860506
help	wounds	2	0.69818324
help	needed	1	0.69604737
help	treat	1	0.69379395
help	intubation	1	0.6936453
help	promises	1	0.88919276
help	keep	2	0.87071645
help	kunika	1	0.86514574
help	begs	1	0.8618148
help	them	1	0.8597168
help	kill	1	0.8585131
help	him	3	0.8563151
help	find	1	0.85533077
help	asks	1	0.8531975
help	let	2	0.8520191
help	convince	1	0.85051507
help	bring	1	0.8480173
help	leave	1	0.8460112
help	refuses	1	0.8378258
help	krishnakant	1	0.83602095
help	sunainaas	1	0.834206
help	tell	1	0.8338498
help	trishnaas	1	0.83318317
help	agrees	1	0.83065337
help	helps	1	0.83007884
help	save	1	0.8298039
help	convinces	1	0.82860684
help	finally	2	0.82827324
help	try	1	0.82615817
help	trishna	1	0.82519907
help	chandanas	1	0.8239836
help	persuades	1	0.823839
help	talk	2	0.8236896
help	decides	1	0.82267123
help	ask	1	0.8203673
help	take	2	0.8196542
help	escape	2	0.81926143
help	pleads	1	0.81810397
help	wants	1	0.81806284
help	needs	3	0.81788063
help	telling	1	0.8162334
help	everyone	1	0.81600684
help	comfort	2	0.81578356
help	trying	1	0.81516516
help	bladezz	1	0.81493944
help	warns	1	0.8117851
help	mohita	1	0.81090945
help	tries	1	0.8094143
help	come	1	0.80748254
help	threatens	1	0.8068142
help	get	1	0.80529195
help	hide	1	0.805151
help	seduce	1	0.80472046
help	everything	1	0.80235684
help	stay	1	0.80188626
help	aid	2	0.83310544
help	assistance	2	0.7893489
help	assist	3	0.73788786
help	attempted	1	0.7287914
help	efforts	1	0.71589935
help	fight	3	0.7098585
help	quell	1	0.7077666
help	seize	1	0.70685893
help	repatriate	1	0.70374197
help	join	3	0.7027034
help	secure	2	0.6957927
help	expel	1	0.69444215
help	retake	1	0.6918922
help	stop	4	0.6904975
help	pacify	1	0.6845423
help	envoys	1	0.6841845
help	plunder	1	0.6789428
help	refused	1	0.6788308
help	liberate	1	0.6783736
help	reinforcements	1	0.67664665
help	defend	1	0.67313117
help	escape	3	0.6727846
help	failed	2	0.672178
help	sought	1	0.671965
help	wanted	2	0.6717179
help	forced	1	0.6712833
help	against	4	0.670138
help	hoped	1	0.66936684
help	threatened	3	0.66761035
help	soldiers	2	0.66666436
help	negotiate	1	0.66531694
help	enlist	1	0.66505224
help	evacuate	1	0.6645775
help	surrender	2	0.66422105
help	invade	1	0.6618799
help	tried	1	0.6587843
help	continued	4	0.6578732
help	reconquer	1	0.65786415
help	send	1	0.65589
help	promised	1	0.65355414
help	bolster	1	0.65075135
help	resistance	1	0.6505915
help	abandon	1	0.64979917
help	fled	1	0.6458899
help	settle	1	0.64542377
help	emissaries	1	0.64150965
help	decided	1	0.64105934
help	reoccupy	1	0.6405333
help	seek	3	0.6393426
help	troops	4	0.63927126
life	early	2	0.8241987
life	biography	4	0.77563673
life	career	3	0.7525658
life	born	4	0.7357248
life	childhood	1	0.68353724
life	personal	4	0.67580634
life	education	1	0.65727067
life	biography	1	0.65502805
life	raised	3	0.64975345
life	background	3	0.62547714
life	political	2	0.614085
life	son	4	0.61289245
life	prominent	1	0.6025165
life	father	3	0.59583175
life	parents	1	0.586407
life	genealogist	1	0.5827436
life	mother	3	0.5789931
life	teens	1	0.5758211
life	thring	1	0.5704118
life	philanthropist	1	0.56101334
life	lederberg	1	0.55361193
life	spigelman	1	0.5502469
life	historian	1	0.54949963
life	mackler	1	0.5485842
life	educated	1	0.5485104
life	bohannan	1	0.54705846
life	legacy	1	0.5457698
life	family	3	0.54456717
life	besancon	2	0.5383304
life	hanslik	1	0.5379043
life	dykes	2	0.5376474
life	wilks	1	0.53692126
life	up	1	0.53421766
life	honner	1	0.53388363
life	stonemason	1	0.53312397
life	married	3	0.5325798
life	staines	2	0.5323491
life	hillyer	1	0.53139687
life	schoolteacher	1	0.53014237
life	salford	2	0.5294903
life	living	2	0.5282712
life	brooklyn	2	0.5279329
life	gendler	1	0.52780384
life	hilburn	1	0.52693504
life	rungius	1	0.5262762
life	tozier	1	0.52526224
life	nee	1	0.5241002
life	metz	2	0.5236589
life	slichter	1	0.52331114
life	macnicol	1	0.5231547
life	my	4	0.71250683
life	happiness	2	0.6904526
life	memories	2	0.67603236
life	secret	3	0.6724995
life	latest	2	0.66807085
life	love	4	0.6666542
life	moment	4	0.6655887
life	true	3	0.6566301
life	smell	2	0.6532732
life	ghosts	2	0.64597255
life	chatterbox	1	0.6441038
life	dreams	2	0.6439341
life	goodbye	2	0.64370775
life	night	4	0.64183605
life	beautiful	3	0.64074814
life	entitled	1	0.6401062
life	glu	2	0.63921016
life	boombox	1	0.6391679
life	breathless	1	0.6384774
life	chronicling	1	0.63687617
life	good	4	0.63654494
life	s	5	0.6342471
life	strut	2	0.6323618
life	journey	1	0.6315938
life	your	2	0.62990016
life	first	4	0.6249602
life	story	5	0.62420684
life	supernatural	2	0.6225405
life	truth	3	0.6217885
life	awakening	2	0.6216379
life	stormbreaker	1	0.61933255
life	satan	2	0.61858326
life	witching	1	0.6158106
life	friends	3	0.61357194
life	our	5	0.61290085
life	beyond	3	0.61062026
life	wildest	1	0.60917324
life	confessions	2	0.60899824
life	memoir	1	0.6070682
life	believers	2	0.60585195
life	dreamscapes	1	0.6049526
life	jaws	2	0.60437083
life	ugly	2	0.6035632
life	stranger	2	0.6010712
life	reflections	2	0.59935933
life	lovea	1	0.5991626
life	loving	2	0.59827447
life	god	3	0.5975508
life	second	3	0.5957854
life	gentle	2	0.5954144
life	own	4	0.79591316
life	dreams	1	0.76000184
life	father	1	0.753048
life	childhood	3	0.7377088
life	dream	1	0.73736346
life	memories	1	0.7346689
life	sisteras	1	0.71186876
life	friend	3	0.70775217
life	painful	2	0.70528686
life	mother	2	0.6999453
life	happiness	1	0.69677365
life	parents	2	0.6954296
life	wife	2	0.6825827
life	grief	1	0.6792835
life	davus	1	0.67854434
life	friends	2	0.67654645
life	wifeas	1	0.676405
life	love	1	0.67587435
life	admonishing	1	0.6756221
life	overbearing	1	0.6724675
life	tanaya	1	0.67222166
life	guilt	1	0.67192894
life	my	3	0.6717051
life	chloeas	1	0.6701315
life	affection	1	0.66969734
life	career	5	0.66499525
life	infidelities	1	0.6642708
life	sincerity	1	0.6632623
life	marriage	2	0.66285104
life	true	2	0.6603541
life	masuda	2	0.6595481
life	however	2	0.65877086
life	youth	3	0.65803695
life	yearns	1	0.6566991
life	grandchildren	2	0.6562818
life	orlene	1	0.6556184
life	irene	2	0.65498143
life	infidelity	1	0.65345913
life	grandfather	2	0.65330243
life	mind	1	0.6509172
life	grandmotheras	1	0.6496715
life	scythrop	1	0.6493899
life	innocence	1	0.6492859
life	daughter	2	0.64896876
life	widowhood	1	0.64818925
life	bacchis	1	0.6478308
life	ambition	1	0.6463801
life	muju	1	0.64535165
life	but	4	0.644917
life	earnestness	1	0.6447632
call	sign	1	0.87559545
call	letters	1	0.86179346
call	changed	1	0.8018932
call	callsign	1	0.7441982
call	lp	3	0.74314934
call	fm	3	0.6727297
call	fcc	1	0.6693735
call	communications	1	0.62911856
call	federal	1	0.62309396
call	rebroadcaster	1	0.60229576
call	wcfr	1	0.5861342
call	frequency	2	0.57585526
call	name	3	0.5716886
call	simulcasted	1	0.5681314
call	broadcasting	3	0.56331563
call	wlee	1	0.5623472
call	wlri	1	0.5602079
call	station	5	0.55847573
call	01	1	0.5569768
call	wrsi	1	0.55188245
call	simulcasting	1	0.54531235
call	knuj	1	0.543818
call	kmin	1	0.54272014
call	crtc	1	0.5389975
call	1fm	1	0.536374
call	3ak	1	0.53435737
call	wjdb	1	0.5312614
call	wsb	1	0.5295453
call	callsigns	1	0.52946204
call	9mhz	1	0.52704716
call	commission	2	0.52294433
call	07	2	0.5215325
call	amfm	1	0.52020776
call	wtte	1	0.5184894
call	weup	1	0.51732075
call	fm104	1	0.5161732
call	kfbt	1	0.5157356
call	3fm	1	0.5156885
call	wkzl	1	0.5153139
call	kxlp	1	0.5151663
call	whav	1	0.5136565
call	dial	2	0.5110338
call	wanb	1	0.5101518
call	licenced	1	0.50886
call	klac	1	0.5069944
call	96	4	0.50573677
call	ctvglobemedia	1	0.50556403
call	wnnj	1	0.50508565
call	09	2	0.50327337
call	gpb	1	0.50199634
call	callback	1	0.78653216
call	hlr	1	0.78227997
call	calls	2	0.78213847
call	message	1	0.7625038
call	sender	1	0.7535518
call	function	2	0.7527832
call	packstation	1	0.75267303
call	dslam	1	0.7492212
call	operatoras	1	0.747131
call	check	1	0.74550164
call	subroutine	1	0.74517554
call	connectionless	1	0.744307
call	address	1	0.74390423
call	user	1	0.74356824
call	queue	1	0.7388831
call	retrieve	2	0.7364382
call	option	3	0.73530793
call	connection	1	0.7349927
call	icmp	1	0.73378927
call	sip	1	0.73343056
call	transfer	3	0.73123765
call	personalization	1	0.73105836
call	sending	2	0.7297606
call	pbx	1	0.7270543
call	select	1	0.72658855
call	requester	1	0.725634
call	senders	1	0.7252515
call	checking	1	0.7251181
call	messages	1	0.72485566
call	authenticating	1	0.7243825
call	unicast	1	0.7242167
call	redirection	1	0.7217828
call	vmpi	1	0.72124636
call	automatically	1	0.71990764
call	ivr	1	0.7199026
call	register	2	0.7197019
call	useras	1	0.7192978
call	querying	1	0.71813005
call	transparently	1	0.7180949
call	telephone	3	0.7176844
call	mobi	1	0.7176353
call	pmset	1	0.71732163
call	send	2	0.7159806
call	tag	2	0.71590924
call	accessing	1	0.7157758
call	lookup	1	0.71539384
call	authenticate	1	0.71473473
call	dumb	2	0.7145605
call	mailbox	1	0.7133517
call	encrypting	1	0.7131498
call	apologize	1	0.7330299
call	ask	1	0.7020765
call	asking	1	0.70137244
call	thank	1	0.6992914
call	give	1	0.6951008
call	message	2	0.6940363
call	take	2	0.68050975
call	send	3	0.6672251
call	congratulate	1	0.654446
call	watch	3	0.6542032
call	telling	1	0.65172243
call	catch	2	0.6489966
call	shout	1	0.6481403
call	check	2	0.64257824
call	condolences	1	0.6419513
call	talk	2	0.6406727
call	phone	1	0.6395551
call	promise	1	0.6358903
call	keep	2	0.633636
call	advising	2	0.63208663
call	loathe	1	0.6316023
call	inviting	1	0.6313873
call	hear	1	0.63029903
call	goddamn	1	0.6296299
call	me	4	0.62743914
call	invite	1	0.6266941
call	deliver	2	0.6256911
call	applaud	1	0.6233981
call	shouting	1	0.6231109
call	pretending	1	0.62281775
call	bladezz	1	0.62199664
call	announce	1	0.62196845
call	wanting	1	0.6217069
call	youad	1	0.6209241
call	beat	4	0.6203195
call	granddad	1	0.6201464
call	asked	1	0.6196203
call	holiday	3	0.61908966
call	see	1	0.61669993
call	email	2	0.61535376
call	listen	1	0.6147237
call	move	4	0.6146937
call	pick	2	0.6145439
call	stop	1	0.61432195
call	listening	2	0.61389637
call	consider	3	0.6122625
call	jokingly	1	0.6105599
call	anybody	1	0.61043686
call	break	2	0.60957915
call	congratulating	1	0.6092569
three	four	1	0.95317173
three	six	2	0.94644374
three	two	1	0.93697816
three	seven	2	0.92816633
three	five	1	0.92184085
three	eight	3	0.9169538
three	nine	1	0.9013299
three	eleven	2	0.83200145
three	12	4	0.8256394
three	straight	2	0.82509786
three	only	4	0.81276464
three	16	2	0.81243896
three	11	3	0.8076174
three	22	3	0.80315256
three	consecutive	1	0.8030064
three	18	4	0.8005092
three	24	3	0.7965718
three	23	2	0.79370505
three	last	1	0.79337305
three	next	1	0.786175
three	14	4	0.78124285
three	26	2	0.77598643
three	25	2	0.77524257
three	32	2	0.7742737
three	19	4	0.774243
three	13	3	0.7724511
three	9a0	1	0.76690996
three	17	2	0.76549566
three	fryzel	1	0.7654294
three	10	3	0.76176447
three	first	1	0.76150167
three	playoff	2	0.7560368
three	28	3	0.74727595
three	27	3	0.7470486
three	over	4	0.7469473
three	31	3	0.74688333
three	another	2	0.74506843
three	34	1	0.7445376
three	shutouts	2	0.74356496
three	sixteen	1	0.74036485
three	21	1	0.7400513
three	games	3	0.73960817
three	33	1	0.7387346
three	wins	2	0.7386775
three	shorthanded	1	0.73767734
three	38	2	0.73551047
three	times	2	0.7346757
three	36	2	0.73235995
three	hester	2	0.7307476
three	undefeated	1	0.7305667
three	five	5	0.87651527
three	six	5	0.858012
three	four	5	0.82038075
three	nine	3	0.8104879
three	ten	1	0.80454934
three	several	4	0.80396104
three	fifteen	1	0.79502034
three	thirty	2	0.7904046
three	fourteen	3	0.77503633
three	twenty	1	0.7642795
three	eight	2	0.7616767
three	sixty	1	0.75354075
three	seven	3	0.74736434
three	consecutive	4	0.74677336
three	eighteen	2	0.7442167
three	seventy	2	0.7373764
three	forty	1	0.73582166
three	hundred	1	0.724859
three	fifty	2	0.71060234
three	next	2	0.70520693
three	within	4	0.69997555
three	few	1	0.6975626
three	two	3	0.69698024
three	eleven	3	0.6874045
three	ninety	2	0.6867624
three	thirteen	2	0.6833669
three	almost	2	0.6807984
three	forty	3	0.67685103
three	twelve	1	0.66971415
three	sixteen	3	0.6625198
three	nearly	2	0.66114265
three	twenty	4	0.65958744
three	seventeen	1	0.6579648
three	thousand	1	0.6423938
three	eighty	1	0.6384776
three	30	1	0.6373805
three	just	3	0.6343087
three	fifty	1	0.62782377
three	earlier	1	0.6265307
three	less	2	0.6240741
three	later	3	0.6018827
three	days	4	0.6017837
three	32	4	0.6015112
three	barely	2	0.6010331
three	eighty	2	0.600594
three	48	3	0.59592336
three	20	4	0.5931113
three	months	2	0.59075415
three	ten	3	0.58768976
three	weeks	2	0.5868748
three	two	2	0.9423686
three	five	2	0.7989729
three	seven	1	0.7853081
three	four	3	0.78319854
three	main	4	0.7761948
three	eleven	4	0.7548666
three	four	4	0.75353676
three	eight	1	0.72799814
three	six	3	0.7241802
three	arranged	1	0.7115365
three	sub	3	0.7110559
three	five	4	0.6983969
three	each	1	0.69718677
three	separate	2	0.69658613
three	ten	3	0.68922687
three	twelve	3	0.6812111
three	intersecting	2	0.67555916
three	grouped	1	0.67334867
three	six	4	0.67331487
three	split	1	0.66949004
three	all	4	0.66348827
three	distinct	1	0.662871
three	sections	3	0.65907156
three	individual	4	0.6574589
three	segments	3	0.65401983
three	several	2	0.6537606
three	divided	2	0.65060383
three	pairs	1	0.6442997
three	subsections	1	0.6415211
three	overlapping	1	0.63978016
three	rows	1	0.6376216
three	pair	1	0.63394463
three	sets	1	0.6330647
three	row	2	0.6329396
three	paired	3	0.6285117
three	quadrants	1	0.6253219
three	categories	1	0.62435454
three	bracketed	1	0.61761963
three	circles	2	0.6175151
three	together	3	0.6166964
three	section	3	0.6163518
three	bays	1	0.61557573
three	bases	3	0.61407655
three	subdivided	2	0.61403
three	separated	1	0.6129105
three	tiers	1	0.6124837
three	rectangles	1	0.6115492
three	adjacent	2	0.6109992
three	eight	4	0.60965127
three	semicircles	1	0.60767394
state	colorado	3	0.8075975
state	route	1	0.7853075
state	u	3	0.7800306
state	us395	1	0.7612496
state	description	1	0.75578237
state	route28	1	0.7534234
state	nutbush	1	0.74096787
state	101	1	0.73763746
state	portion	1	0.7315741
state	lockport	1	0.7216679
state	cattaraugus	1	0.7195279
state	spur	1	0.7183153
state	nebraska	3	0.7104306
state	salamanca	2	0.70997167
state	ny28	1	0.70947415
state	a1a	2	0.70743704
state	highway	2	0.7056604
state	traverses	1	0.7044041
state	simsbury	1	0.7038327
state	junction	5	0.7030643
state	intersects	1	0.6999185
state	northern	1	0.699699
state	tobias	3	0.69869405
state	terminus	1	0.6977428
state	segment	3	0.6965967
state	salina	1	0.6917265
state	logan	2	0.6874531
state	begins	1	0.6845855
state	erie	1	0.6843127
state	highway	3	0.684293
state	michigan	4	0.68263894
state	ny	1	0.6812844
state	cheektowaga	1	0.6795558
state	wyoming	1	0.6793776
state	us41	1	0.6788119
state	palisades	1	0.6778479
state	9w	1	0.6771081
state	ny32	1	0.6769208
state	southington	1	0.67583126
state	enters	1	0.67543405
state	concurrent	1	0.6744532
state	southern	2	0.67425114
state	springville	1	0.67304057
state	hwy	1	0.67187893
state	border	2	0.67121434
state	bernalillo	1	0.6711871
state	us202	1	0.6711859
state	southeast	4	0.668998
state	farmington	1	0.6677572
state	starts	2	0.66595775
state	iowa	2	0.910492
state	penn	1	0.8670576
state	oklahoma	2	0.86616224
state	purdue	1	0.86454713
state	nebraska	2	0.8638582
state	university	1	0.86168694
state	alabama	1	0.8611973
state	auburn	2	0.8541924
state	clemson	1	0.8532671
state	virginia	3	0.8432
state	baylor	1	0.8425309
state	michigan	2	0.84218967
state	utah	3	0.8373104
state	lsu	1	0.8305628
state	georgia	1	0.8227335
state	ohio	1	0.8204496
state	syracuse	2	0.8156855
state	vanderbilt	1	0.8149869
state	grambling	1	0.81172264
state	indiana	5	0.81083053
state	florida	1	0.8103064
state	northwestern	2	0.8087149
state	mississippi	2	0.807709
state	college	1	0.80030864
state	villanova	1	0.79964113
state	ucla	1	0.7964969
state	sooners	1	0.7948157
state	usc	1	0.7912604
state	spartans	1	0.7898403
state	texas	3	0.788659
state	tennessee	2	0.7844535
state	tech	1	0.7819326
state	arkansas	1	0.780387
state	football	4	0.77795655
state	smu	1	0.7772705
state	gators	1	0.7770032
state	stanford	2	0.7761196
state	buckeyes	1	0.77537036
state	colgate	1	0.7720462
state	cal	1	0.7705578
state	tulane	1	0.7677763
state	tcu	1	0.76723266
state	byu	1	0.7656212
state	millsaps	1	0.765302
state	mountaineers	1	0.7630343
state	trojans	1	0.7613014
state	beat	1	0.7606297
state	asu	1	0.7586082
state	furman	1	0.7565773
state	dame	1	0.75551623
state	federal	4	0.74274594
state	governmental	2	0.73235905
state	regulation	2	0.71882737
state	policy	4	0.7166593
state	judiciary	2	0.71140647
state	monopolies	1	0.70341176
state	legislation	2	0.6965616
state	system	1	0.6956371
state	legislating	1	0.6943388
state	legislature	3	0.69254565
state	taxation	1	0.69035226
state	privatizing	1	0.6859878
state	bureaucracy	1	0.67795384
state	disclosure	1	0.67791647
state	government	1	0.67514336
state	furthermore	2	0.6741991
state	mandate	2	0.67342997
state	enforceable	1	0.67176
state	laws	1	0.6714354
state	criminalizing	1	0.67128307
state	awqaf	1	0.670915
state	unequal	2	0.67055005
state	autarky	1	0.669771
state	cbtpa	1	0.6696122
state	governing	2	0.66909844
state	ownership	1	0.6669967
state	relevant	1	0.6666433
state	legal	3	0.66615415
state	definition	4	0.6658378
state	legitimate	2	0.66581196
state	controls	2	0.6655756
state	statutory	1	0.6647416
state	prohibiting	1	0.6636398
state	inequitable	1	0.6626028
state	form	4	0.66255987
state	governments	1	0.6598193
state	unenforceable	1	0.65974057
state	centralisation	1	0.65759516
state	contravened	1	0.6568014
state	without	2	0.6566922
state	communes	3	0.65645075
state	constituted	2	0.65636826
state	provisions	1	0.6559005
state	regulations	3	0.6549514
state	restricting	1	0.65475196
state	rulemaking	1	0.6540343
state	limit	4	0.6539102
state	guarantees	1	0.6537071
state	mandates	1	0.6526381
state	purview	1	0.6499639
form	expression	3	0.7972006
form	literal	1	0.7903633
form	usage	2	0.77854055
form	idiom	1	0.7591938
form	lexicon	1	0.7473096
form	poetic	1	0.74349827
form	narrative	2	0.74137765
form	metaphorical	1	0.7379761
form	sense	3	0.7375452
form	vocabulary	1	0.7369164
form	phrase	1	0.73164296
form	niqqud	1	0.730535
form	macaronic	1	0.72945863
form	alliteration	1	0.7283746
form	imitation	1	0.72282577
form	poem	2	0.7217019
form	archaic	1	0.72109777
form	cantillation	1	0.72079134
form	onomatopoeia	1	0.7194462
form	trope	1	0.71882665
form	poetry	1	0.71853274
form	engrish	1	0.7183067
form	idiomatic	1	0.717925
form	connotes	1	0.7164112
form	meaning	2	0.7160025
form	conflation	1	0.7134463
form	colloquial	1	0.7127802
form	vernacular	1	0.71277535
form	epic	1	0.7102648
form	prosody	1	0.7078794
form	forms	4	0.70746064
form	connotation	1	0.7068512
form	sentence	2	0.7060523
form	context	4	0.70552784
form	avestan	1	0.7028396
form	ktiv	1	0.7025334
form	writing	3	0.70245314
form	utamakura	1	0.70130724
form	alliterative	1	0.697441
form	jiva	1	0.69604206
form	rhyming	1	0.69420314
form	variant	2	0.69248915
form	archetype	1	0.69209397
form	declension	1	0.6920071
form	verse	1	0.689766
form	renderings	1	0.68858665
form	ugaritic	1	0.6880004
form	koine	1	0.68747824
form	metrical	1	0.687161
form	term	1	0.68574244
form	encompass	2	0.61635053
form	existing	2	0.5925472
form	duddon	1	0.5880933
form	amalgamated	1	0.58297455
form	wollondilly	1	0.5789517
form	tawe	1	0.57211107
form	feeder	1	0.5702769
form	merge	1	0.5693201
form	korumburra	1	0.5684571
form	neighbouring	2	0.56647116
form	adjoined	1	0.56371903
form	expanded	2	0.56370145
form	wairoa	1	0.5628405
form	hobsons	1	0.56244993
form	orbost	1	0.5617645
form	waimahaka	1	0.5598771
form	bairnsdale	1	0.5584033
form	goondiwindi	1	0.5577708
form	parts	1	0.5524669
form	borders	2	0.5512697
form	belconnen	1	0.5505651
form	adjacent	3	0.5472509
form	bellarine	1	0.54237586
form	billington	2	0.541383
form	hurstville	1	0.54095566
form	part	1	0.54070514
form	formed	2	0.53936833
form	namely	1	0.5393644
form	wendouree	1	0.5386616
form	extend	2	0.538059
form	mordialloc	1	0.53795177
form	shawangunk	1	0.5364566
form	gorseinon	1	0.5360775
form	shoalhaven	1	0.534341
form	merger	1	0.5338499
form	dandenong	1	0.5332739
form	clydach	1	0.53317565
form	gateway	2	0.5319086
form	wandle	1	0.530764
form	yackandandah	1	0.5307578
form	taieri	1	0.529108
form	connect	1	0.52902144
form	linked	2	0.5279476
form	bulleen	1	0.5264745
form	teifi	1	0.5253846
form	gisborne	1	0.5245523
form	wharfe	1	0.5244748
form	northcentral	1	0.52372235
form	barwon	1	0.52345306
form	matawan	1	0.51775324
form	structure	1	0.86298513
form	similarly	1	0.8586075
form	monolayer	1	0.8322103
form	characteristic	1	0.8307869
form	non	2	0.8212358
form	which	2	0.81803966
form	birefringence	1	0.81319946
form	normal	1	0.80925655
form	component	1	0.8077216
form	weakly	1	0.8017942
form	solution	1	0.80105656
form	complex	1	0.79890394
form	components	1	0.7982455
form	elements	1	0.7981848
form	particular	1	0.7980032
form	substrate	2	0.7969334
form	free	1	0.7961436
form	crystallites	1	0.79533404
form	subring	1	0.79511714
form	polymerisation	1	0.7938384
form	ultrafiltration	1	0.7926132
form	conformations	1	0.7925555
form	monomers	1	0.79089904
form	therefore	1	0.7905879
form	stoichiometric	1	0.7893473
form	swnt	1	0.78873605
form	intermediate	1	0.7866959
form	workpieces	1	0.7860549
form	degenerate	1	0.7859551
form	conformally	1	0.78517985
form	enolate	1	0.78397346
form	hydrophobic	1	0.7838811
form	segregation	2	0.78365266
form	analogous	1	0.78286755
form	trigonal	1	0.78211105
form	antiparallel	1	0.78198415
form	root	1	0.78187215
form	topologically	1	0.78169423
form	conversely	1	0.78038234
form	eluted	1	0.7793242
form	ferromagnetic	1	0.7785722
form	photoreceptor	1	0.7776616
form	bilayer	1	0.77718896
form	bundles	1	0.77715695
form	adsorbate	1	0.77707446
form	matchings	1	0.7769937
form	bundle	1	0.7768287
form	single	2	0.77583
form	electroporation	1	0.77504367
form	polymeric	1	0.7747263
great	britain	2	0.6025375
great	1812	2	0.53713477
great	after	2	0.5148505
great	war	1	0.5066749
great	anglo	1	0.4975655
great	williamite	1	0.49505615
great	1810s	1	0.49480483
great	outbreak	1	0.49334955
great	wars	1	0.4908914
great	chaotic	2	0.49029255
great	aftermath	1	0.4870568
great	following	4	0.4840768
great	unrest	1	0.47959068
great	goodwood	1	0.47940826
great	ended	2	0.47784147
great	wwi	1	0.47564772
great	conflicts	1	0.4728701
great	revolution	1	0.47210756
great	france	3	0.46979496
great	germany	3	0.46787483
great	spain	2	0.4670693
great	collapse	1	0.46456596
great	reignited	1	0.46352217
great	terrible	2	0.46202233
great	post	1	0.4586553
great	britain	3	0.45864567
great	britain	1	0.45795232
great	famine	1	0.4569925
great	napoleonic	1	0.45539334
great	crisis	1	0.4550204
great	schmalkaldic	1	0.45482954
great	during	2	0.45468414
great	uprisings	1	0.44837287
great	emigration	1	0.4472169
great	erichs	1	0.44351277
great	turmoil	1	0.44250154
great	entente	1	0.44219005
great	cold	1	0.44211575
great	restrictions	3	0.44185832
great	buffer	3	0.4411268
great	wwf	1	0.44104004
great	looming	1	0.440426
great	bourbons	1	0.4404192
great	poland	2	0.43757007
great	pitting	1	0.4375097
great	decolonisation	1	0.43749228
great	blitz	2	0.43474716
great	wight	2	0.43374714
great	states	2	0.43344364
great	austria	2	0.43274125
great	deal	4	0.75287586
great	immense	1	0.7108143
great	tremendous	1	0.706673
great	incredible	2	0.7029197
great	curiosity	1	0.6822085
great	sense	1	0.67807317
great	flexibility	2	0.6739658
great	profound	1	0.6664531
great	strong	1	0.66395146
great	dramatic	2	0.65511656
great	extraordinary	2	0.6516621
great	amount	3	0.65094185
great	respect	3	0.6507272
great	greatness	1	0.6491576
great	enormous	2	0.6442165
great	taste	2	0.6399263
great	feeling	2	0.6390296
great	deep	2	0.63813573
great	keen	1	0.63567847
great	positive	3	0.6353731
great	quick	1	0.6327821
great	inspiring	1	0.63235325
great	worldly	1	0.6316538
great	greater	4	0.62933123
great	full	5	0.62843275
great	qualities	1	0.62842065
great	pride	1	0.6258138
great	brilliance	1	0.6240466
great	pleasure	1	0.6223874
great	perseverance	1	0.6215929
great	considerable	1	0.6212287
great	sheer	1	0.62021977
great	erudition	1	0.61926776
great	courage	1	0.6188562
great	flexible	3	0.61776084
great	boldness	1	0.61705
great	gentleness	1	0.61675763
great	enthusiasm	1	0.61594856
great	imagination	1	0.6125006
great	sort	1	0.6124569
great	remarkable	2	0.6121197
great	power	4	0.6109067
great	emotion	1	0.6097982
great	good	3	0.6093906
great	excitement	1	0.6076922
great	poignancy	1	0.60746616
great	remarkable	1	0.6074394
great	patience	1	0.60605276
great	intellect	1	0.6059097
great	strength	1	0.6054715
great	grandson	1	0.78961766
great	granddaughter	1	0.7497651
great	uncle	2	0.7470042
great	son	2	0.7452399
great	grandfather	1	0.7438434
great	nephew	1	0.73901397
great	younger	1	0.7347475
great	brother	2	0.7325828
great	daughter	4	0.7212636
great	grandfather	3	0.71836174
great	iotapa	1	0.7174061
great	grandsons	1	0.71537524
great	king	2	0.7125213
great	maternal	1	0.7114854
great	grandnephew	1	0.7098924
great	mulielealii	1	0.70682263
great	grandchild	1	0.70362145
great	cousin	1	0.7029894
great	paternal	1	0.7029283
great	aforementioned	2	0.70144725
great	grandson	2	0.7012888
great	descendant	1	0.6963476
great	eldest	2	0.69047076
great	piilani	1	0.6880491
great	kamehameha	1	0.6869465
great	mother	1	0.68689233
great	john	3	0.6868222
great	father	2	0.6861499
great	his	5	0.68497956
great	alexander	2	0.68495685
great	whose	1	0.6849506
great	keawe	1	0.68462765
great	fourth	3	0.6843219
great	elder	1	0.6820582
great	wife	1	0.68132424
great	ii	2	0.68073744
great	kanekapu	1	0.6783934
great	herod	1	0.6771335
great	euphemia	1	0.6759961
great	became	2	0.6736219
great	leleiohoku	1	0.6722567
great	surviving	1	0.6696851
great	demetre	1	0.6684495
great	iii	2	0.66743577
great	kaumualii	1	0.66510636
great	descendants	2	0.6650096
great	george	3	0.6643496
great	keawenui	1	0.66414475
great	commagene	1	0.6640847
great	raghnall	1	0.66407037
child	woman	1	0.8796389
child	baby	3	0.84628856
child	girl	3	0.8275867
child	prostitute	1	0.8141786
child	she	3	0.79186517
child	daughter	2	0.7805392
child	man	3	0.7796971
child	young	3	0.76956105
child	habaek	1	0.76475966
child	glycerium	1	0.76465106
child	ichiru	1	0.76373833
child	mother	2	0.7559456
child	unborn	1	0.75292677
child	herself	1	0.752894
child	lasiren	1	0.7483762
child	friend	3	0.74673146
child	blind	2	0.74591404
child	dying	1	0.7431254
child	pregnant	1	0.7361705
child	bacchis	1	0.7358613
child	seductress	1	0.7347375
child	neferet	1	0.7332603
child	servant	2	0.7303035
child	karolina	2	0.7292607
child	frex	1	0.7284812
child	lady	3	0.724323
child	maid	1	0.7237982
child	gwyn	2	0.72353107
child	husband	2	0.72324747
child	orlene	1	0.72207105
child	amaranta	1	0.72150755
child	qizhen	1	0.72003204
child	pampered	1	0.7199028
child	bride	1	0.71903443
child	pureblood	1	0.71894795
child	motherly	1	0.7187764
child	clinia	1	0.71669716
child	rodasan	1	0.7153107
child	parents	2	0.7151772
child	pitied	1	0.71489793
child	widow	2	0.7135001
child	nucki	1	0.71236515
child	dashun	1	0.71208453
child	kohanamaru	1	0.71065146
child	sayuki	1	0.7100694
child	her	4	0.70985144
child	stranger	1	0.7095915
child	newborn	1	0.70894694
child	kindly	1	0.70888793
child	tikkirey	1	0.7076626
child	daughter	3	0.8382725
child	youngest	1	0.7942913
child	sister	3	0.7719934
child	jane	1	0.74597186
child	grandchild	1	0.74457955
child	surviving	1	0.7415223
child	nee	1	0.7328014
child	granddaughter	1	0.7237123
child	fathered	1	0.7231532
child	siblings	1	0.72021693
child	adopted	2	0.71421844
child	mary	3	0.7129382
child	niece	1	0.71182567
child	daughters	1	0.71035075
child	oldest	2	0.7061654
child	susanna	1	0.704754
child	widowed	1	0.7043917
child	children	1	0.70316195
child	eldest	2	0.7013982
child	louisa	1	0.7012052
child	sarah	3	0.7006131
child	stepdaughter	1	0.69687384
child	mother	3	0.69587654
child	anna	2	0.69452864
child	wife	3	0.6926009
child	marriage	1	0.6836572
child	granddaughters	1	0.6829283
child	frances	2	0.6805215
child	hellen	1	0.6777053
child	her	3	0.6770323
child	joan	1	0.67701584
child	abigail	1	0.67692834
child	horatia	1	0.67652035
child	eleanor	1	0.6761682
child	husband	1	0.6743369
child	elder	1	0.6736464
child	charlotta	1	0.67346597
child	deceased	2	0.6725782
child	eliza	1	0.672337
child	mother	1	0.67116225
child	arabella	1	0.67046326
child	wife	1	0.6695385
child	westenra	1	0.6693924
child	aunt	1	0.6687741
child	couple	1	0.66774255
child	illegitimate	1	0.66622424
child	widow	1	0.666133
child	sisters	1	0.66516685
child	catharina	1	0.6649223
child	sons	1	0.6641253
child	sexual	2	0.845495
child	abuse	1	0.8321333
child	victim	2	0.78556347
child	prevention	1	0.78425735
child	spousal	1	0.7776676
child	offenders	1	0.7617683
child	victims	1	0.7572949
child	abusers	1	0.7537285
child	minors	2	0.75169903
child	maltreatment	1	0.751352
child	sex	1	0.75073403
child	criminalizes	1	0.74700713
child	substance	2	0.74379027
child	violence	1	0.7418351
child	domestic	1	0.72786975
child	rape	1	0.7236842
child	parental	1	0.72188616
child	persons	2	0.72068214
child	pedophilia	1	0.71353596
child	decriminalization	1	0.71352565
child	treatment	2	0.71318805
child	offender	1	0.71168804
child	prostitution	2	0.71143156
child	contraception	1	0.71060646
child	involuntary	1	0.7054432
child	euthanasia	1	0.70534617
child	workplace	1	0.70314914
child	protection	3	0.70186716
child	abuse	2	0.69461375
child	abortion	1	0.6937739
child	harassment	1	0.6915267
child	adolescents	1	0.6902681
child	molestation	1	0.68747175
child	disability	2	0.68521255
child	custodial	1	0.68073004
child	infanticide	1	0.68058705
child	delinquency	1	0.68031275
child	welfare	1	0.67973804
child	intervention	2	0.6797232
child	caregivers	1	0.678314
child	psychiatric	1	0.67658913
child	crime	1	0.67636555
child	criminalization	1	0.67529035
child	care	1	0.6743087
child	indigent	1	0.67401266
child	employment	4	0.6732252
child	trafficking	1	0.67272633
child	mental	2	0.6692012
child	victimsa	1	0.6668644
child	exploitation	1	0.66590166
change	desired	1	0.84951603
change	changes	1	0.84130204
change	therefore	1	0.8275508
change	thus	4	0.8243798
change	likewise	1	0.82322145
change	hence	2	0.8185031
change	furthermore	1	0.8112547
change	resulting	1	0.8100965
change	particular	1	0.80862474
change	yield	2	0.80760723
change	pattern	1	0.8009058
change	conversely	1	0.79697496
change	size	1	0.7956581
change	result	1	0.7954169
change	increase	1	0.79493135
change	decrease	1	0.7938286
change	correct	2	0.7935873
change	normal	1	0.79323566
change	relative	1	0.7929266
change	snr	2	0.79153305
change	mismatches	1	0.78950435
change	similarly	1	0.7889917
change	initial	2	0.7874982
change	results	1	0.7860062
change	variation	1	0.784597
change	contrast	1	0.7845814
change	measurement	1	0.784503
change	stress	1	0.784483
change	electromigration	1	0.7842736
change	limit	1	0.7835253
change	sample	1	0.783031
change	because	2	0.7827144
change	limiting	1	0.7824922
change	scaling	1	0.7824127
change	fp	2	0.78232884
change	usually	1	0.78104174
change	variations	1	0.78022575
change	this	5	0.7797573
change	gain	2	0.77928966
change	balanced	1	0.77649105
change	equilibrium	1	0.77605665
change	shape	1	0.7752503
change	mean	1	0.77522373
change	feedback	1	0.77412516
change	occur	2	0.7735461
change	perceptually	1	0.772345
change	distortion	1	0.77205867
change	without	1	0.7714124
change	exact	1	0.7710679
change	biasing	1	0.7710524
change	climate	3	0.8277834
change	impacts	1	0.75895363
change	global	1	0.73632485
change	sustainable	1	0.73376125
change	sustainability	1	0.73288727
change	warming	1	0.72850615
change	environment	2	0.6948574
change	climate	1	0.6906044
change	global	2	0.6816955
change	competitiveness	1	0.67677903
change	policy	3	0.6765738
change	biodiversity	1	0.67419934
change	impact	1	0.6687008
change	ecological	1	0.6674196
change	environmental	1	0.66646934
change	intergovernmental	1	0.6452087
change	governance	1	0.6449183
change	growth	1	0.6448841
change	development	3	0.6419936
change	garnaut	1	0.6402121
change	policies	1	0.6330179
change	resource	2	0.6313993
change	conservation	1	0.6296999
change	strategy	2	0.6200983
change	human	5	0.6161921
change	pollution	2	0.6156706
change	improving	1	0.6151444
change	ecologic	1	0.61345714
change	desertification	1	0.6122421
change	issues	1	0.6084376
change	ipcc	1	0.60315347
change	priorities	1	0.6015728
change	soil	3	0.59810096
change	informatization	1	0.5969799
change	cybersecurity	1	0.59598273
change	conserving	1	0.5951162
change	strategies	1	0.5940245
change	initiatives	1	0.59365666
change	resilience	1	0.59296757
change	monitoring	2	0.5916853
change	innovation	1	0.59115744
change	efforts	2	0.5862005
change	efficiency	2	0.5815405
change	strategic	1	0.58106965
change	programme	3	0.580531
change	globalization	1	0.5789311
change	mitigation	1	0.577479
change	energy	2	0.57522863
change	anthropogenic	1	0.5746798
change	developing	1	0.5745297
change	make	2	0.82254446
change	keep	2	0.8188071
change	take	2	0.79998934
change	come	1	0.7940531
change	bring	1	0.79223746
change	see	1	0.7896942
change	mind	1	0.7841584
change	talk	2	0.7822389
change	everything	1	0.7747014
change	accept	2	0.77306026
change	move	4	0.7679275
change	ask	1	0.7642597
change	give	1	0.76240456
change	help	2	0.7620789
change	listen	1	0.76205915
change	continue	2	0.7603782
change	stop	1	0.7563471
change	understand	2	0.75363225
change	always	1	0.7513225
change	lose	1	0.75121075
change	wish	2	0.748265
change	promises	1	0.7482316
change	let	2	0.7472237
change	know	2	0.7463652
change	hide	1	0.74570286
change	look	1	0.74398196
change	turn	1	0.7437335
change	how	1	0.7428999
change	needs	3	0.7427565
change	appreciate	1	0.7412718
change	things	1	0.740714
change	them	1	0.7403927
change	find	1	0.73826265
change	learn	2	0.73716897
change	forget	1	0.73664325
change	explain	2	0.7351859
change	try	1	0.73483616
change	desire	1	0.7302291
change	chandanas	1	0.7291003
change	realise	1	0.72813594
change	abandon	2	0.7277082
change	tsutomu	2	0.72707564
change	even	1	0.72575885
change	despise	1	0.72482824
change	doesnat	1	0.7248045
change	never	1	0.7240007
change	forgive	1	0.72150767
change	truly	1	0.72098076
change	kunika	1	0.720374
change	about	1	0.7198292
look	make	2	0.85839146
look	get	2	0.8298875
look	remember	1	0.82672626
look	give	1	0.8261568
look	feel	1	0.8252588
look	forget	1	0.8238507
look	take	2	0.8212701
look	stop	1	0.82078344
look	anymore	1	0.8195151
look	anything	1	0.8181664
look	like	1	0.817957
look	ask	1	0.81750053
look	just	2	0.8166038
look	anyway	1	0.8118233
look	things	1	0.81104666
look	talk	2	0.8107612
look	lie	3	0.8099692
look	me	4	0.80906665
look	laugh	1	0.80696946
look	listen	1	0.8057477
look	believe	1	0.8030413
look	myself	1	0.8008986
look	you	1	0.79901934
look	really	1	0.79634845
look	need	3	0.7951439
look	got	2	0.79512316
look	miss	3	0.7948213
look	somebody	1	0.79448587
look	see	1	0.7931467
look	youave	1	0.7927423
look	weep	1	0.79201835
look	please	2	0.7914418
look	maybe	1	0.7902599
look	i	2	0.78795505
look	how	1	0.7873537
look	wonat	1	0.7870189
look	keep	2	0.7848383
look	want	1	0.7840792
look	tell	3	0.78306544
look	never	1	0.7826794
look	iall	1	0.78234667
look	wouldnat	1	0.7818191
look	let	2	0.78110445
look	hurt	1	0.78058225
look	die	1	0.78053504
look	everything	1	0.77848786
look	forgive	1	0.77826434
look	hear	1	0.7773965
look	always	1	0.77684385
look	sure	1	0.77679396
look	looks	2	0.7424833
look	make	1	0.7362938
look	looking	2	0.724753
look	expand	2	0.7033114
look	finer	1	0.67543954
look	behave	1	0.6640175
look	appearance	2	0.6602949
look	texture	1	0.65818185
look	fit	1	0.6526009
look	even	2	0.6504802
look	give	3	0.65024143
look	robust	1	0.64762497
look	extend	1	0.64757967
look	become	3	0.64685345
look	appear	1	0.6443102
look	match	2	0.6432122
look	lean	1	0.6391693
look	grizzlies	2	0.6390644
look	familiar	2	0.6353285
look	pitchers	3	0.6348636
look	get	3	0.6326058
look	create	1	0.63125765
look	shading	1	0.63110036
look	suspend	2	0.62939334
look	d5	2	0.6256488
look	urticating	1	0.62540984
look	more	2	0.62429816
look	trees	3	0.62402123
look	use	1	0.6229148
look	resemble	1	0.62255627
look	actually	1	0.62048215
look	so	1	0.6201928
look	just	4	0.62008965
look	pwds	1	0.6199419
look	smaller	1	0.6194222
look	add	3	0.61903507
look	smoother	1	0.6158504
look	redder	1	0.61545414
look	flippers	1	0.6149353
look	find	2	0.61426353
look	zmri	1	0.6140061
look	weave	1	0.61371267
look	some	1	0.6116604
look	carry	3	0.61135685
look	wispy	1	0.6108815
look	mimic	1	0.6108594
look	adaptable	1	0.61062133
look	billowing	1	0.60984504
look	easier	1	0.6082915
look	prefer	1	0.60803866
look	shoot	3	0.5899686
look	bringing	1	0.58910716
look	peek	1	0.57973856
look	appeal	2	0.5673736
look	entertain	1	0.5650553
look	showcase	1	0.56327456
look	campus	4	0.5566351
look	reinvent	1	0.55642503
look	raved	1	0.55127823
look	give	5	0.54963005
look	idea	4	0.5477586
look	inviting	1	0.5466837
look	relapse	2	0.5436553
look	sorority	2	0.54054034
look	concept	3	0.53586113
look	introduce	1	0.5335164
look	venture	2	0.5326069
look	draw	3	0.53121305
look	aimed	1	0.52794117
look	appealing	1	0.5279308
look	wanting	1	0.52639484
look	lampooning	1	0.52518773
look	reproduce	2	0.52466506
look	fun	1	0.5244742
look	watch	3	0.5208171
look	start	1	0.5168791
look	gillian	2	0.5166451
look	shift	3	0.51641834
look	nostalgic	1	0.5155197
look	inject	2	0.5142067
look	salon	2	0.5134195
look	banner	3	0.51063067
look	transplant	2	0.51056963
look	disneyas	1	0.5070102
look	fill	3	0.5036279
look	showing	2	0.503625
look	combine	2	0.50263155
look	welcome	2	0.50225765
look	pose	2	0.5016551
look	expanding	3	0.5010866
look	aiming	1	0.5008274
look	unveil	1	0.5007823
look	zoo	3	0.50064594
look	decrease	3	0.5004524
look	photo	1	0.49766123
look	reinvigorate	1	0.49699476
look	trendy	1	0.4956744
look	encourage	2	0.49525812
look	menas	2	0.49484435
look	create	2	0.4944957
set	number	3	0.8990798
set	subset	1	0.876556
set	arbitrary	1	0.8710457
set	representation	1	0.86504424
set	fixed	1	0.8638379
set	every	2	0.8629081
set	sets	1	0.857812
set	random	1	0.85662293
set	finite	1	0.85626704
set	any	1	0.8561339
set	partition	2	0.85559696
set	matching	1	0.8547154
set	definition	1	0.8544041
set	variable	1	0.8504951
set	maps	1	0.84953946
set	unique	2	0.8488951
set	binary	1	0.8481019
set	corresponding	1	0.8435306
set	infimum	1	0.8424032
set	space	1	0.8417341
set	minimal	1	0.84173363
set	given	1	0.8401823
set	simple	1	0.83837926
set	tree	1	0.83816177
set	subsets	1	0.8360158
set	define	1	0.8351945
set	each	4	0.8348598
set	nonempty	1	0.8339302
set	element	1	0.83336186
set	graph	1	0.8319652
set	particular	1	0.8316497
set	elements	1	0.83077955
set	numbers	1	0.8259428
set	logical	2	0.8256799
set	uniform	3	0.8238027
set	values	1	0.8235175
set	tuple	1	0.823266
set	recursive	1	0.8228948
set	variables	1	0.82140803
set	supremum	1	0.820203
set	map	1	0.8200831
set	matchings	1	0.8194007
set	operator	1	0.81909204
set	generating	2	0.81851554
set	arithmetical	1	0.8173108
set	embedding	1	0.81671005
set	poset	1	0.81642234
set	string	2	0.815643
set	value	1	0.81532043
set	permutations	1	0.81513023
set	broke	2	0.7679067
set	record	4	0.71130174
set	recorded	3	0.7089623
set	tying	1	0.7035224
set	compiled	1	0.70009595
set	posted	1	0.6994017
set	11	3	0.6936779
set	22	3	0.6917625
set	fastest	1	0.68720484
set	time	1	0.68497133
set	equalling	1	0.67685837
set	holder	1	0.6745616
set	18	4	0.67372435
set	13	3	0.6684744
set	record	1	0.6671493
set	54	1	0.6670587
set	earning	1	0.66687804
set	8	4	0.6649283
set	added	2	0.6637626
set	combined	3	0.66146904
set	breaking	1	0.6596753
set	36	2	0.6596125
set	9	3	0.657942
set	28	3	0.6571926
set	23	2	0.6558049
set	58	1	0.6558043
set	completed	2	0.65546685
set	38	2	0.6552838
set	9a0	1	0.65460473
set	41	2	0.6541521
set	records	4	0.65248924
set	31	3	0.65158397
set	55	2	0.651254
set	8a3	1	0.65083015
set	leading	3	0.6500152
set	tied	1	0.64764947
set	giving	1	0.64622515
set	fifth	1	0.64592385
set	17	2	0.645439
set	24	3	0.6449904
set	ran	1	0.6446542
set	14	4	0.64342654
set	4	2	0.6430954
set	27	3	0.6428591
set	19	4	0.64134675
set	51	3	0.6411875
set	best	2	0.6410948
set	34	1	0.6410669
set	47	1	0.6403412
set	35	3	0.6403165
set	titled	2	0.7575071
set	mini	1	0.73790956
set	subtitled	1	0.71586084
set	trilogy	2	0.71502596
set	volume	3	0.7120419
set	installment	1	0.70001173
set	original	3	0.69861656
set	feature	1	0.6939641
set	dvd	1	0.69206244
set	box	1	0.69106406
set	fantasy	2	0.68910605
set	supernatural	2	0.6886756
set	anthology	1	0.68234426
set	definitive	2	0.6810965
set	collection	3	0.6771158
set	upcoming	1	0.6758299
set	trilogies	1	0.67268735
set	prequel	1	0.67155206
set	first	4	0.67152804
set	true	3	0.6704321
set	book	1	0.6694767
set	xenogears	1	0.667306
set	trilogy	1	0.6668371
set	graphic	3	0.66506743
set	boxed	1	0.6637766
set	sequel	1	0.66354305
set	entitled	1	0.66345656
set	adaptations	2	0.66252923
set	creepshow	1	0.66091794
set	final	4	0.6602439
set	webisodes	1	0.6572396
set	incredibles	1	0.656657
set	reimagined	1	0.65652376
set	ghibli	1	0.65362936
set	short	1	0.6528581
set	2cd	1	0.65240103
set	animated	1	0.6505229
set	chronicles	2	0.65009636
set	mystery	1	0.6488795
set	novelisation	1	0.64801526
set	unproduced	1	0.64548594
set	adventure	1	0.64355165
set	stormbringer	1	0.64248735
set	soundtrack	1	0.64181125
set	remakes	1	0.64122283
set	series	3	0.63938856
set	ghosts	2	0.63819516
set	adaptation	1	0.6371927
set	action	1	0.6371823
set	theatrical	1	0.63485587
